id,created_on,username,password,first_name,last_name
1,2019-04-11 09:39:20,kspedding0,YITjwT,Ki,Spedding
2,2019-12-11 19:16:30,rmelmeth1,Sq2enEDaN0,Ruthie,Melmeth
3,2019-09-28 08:59:12,lpoltun2,5sPqBknkK5l,Lyndy,Poltun
4,2019-04-08 20:25:22,gfayre3,QrnYQvQAM,Goldia,Fayre
5,2019-09-22 00:06:24,rdusting4,gTHLVPfmke,Roley,Dusting
6,2019-09-20 14:42:59,vsnaddin5,Ck19neHBh,Veronika,Snaddin
7,2019-03-03 15:47:36,sprovest6,83H7ECt2KDDZ,Stewart,Provest
8,2019-12-23 18:10:12,wkingscott7,oOR5l8Kb2O5t,Wesley,Kingscott
9,2020-01-13 15:13:56,wbiddulph8,iFO5KnqrgZy0,Welbie,Biddulph
10,2019-07-21 03:34:02,bslimmon9,tXCKICB9gt,Britni,Slimmon